"Bebês","3319253", "Fralda Pom Pom Protek Proteção de Mãe Jumbo M - 30 Unidades", "R$ 28,79", "/produto/29511/fralda-pom-pom-protek-protecao-de-mae-jumbo-m---30-unidades"
"Bebês","1169721", "Cadeira Para Automóvel Team Tex Nania Kalle Acces - Até 36kg - Preto", "R$ 299,90", "/produto/413342/cadeira-para-automovel-team-tex-nania-kalle-acces---ate-36kg---preto"
"Bebês","1169718", "Cadeira Para Automóvel Nania Beline Luxe - Até 36kg - Preto", "R$ 399,90", "/produto/413338/cadeira-para-automovel-nania-beline-luxe---ate-36kg---preto"
"Bebês","5656585", "Alimento Nutritivo Sabor Chocolate NUTREN Active Prebio 1 Nestlé Lata 400g", "R$ 49,99", "/produto/74385/alimento-nutritivo-sabor-chocolate-nutren-active-prebio-1-nestle-lata-400g"
"Bebês","1203853", "Cadeira De Balanço Para Bebês 0-20 Kg Macaco Multikids Baby", "R$ 349,90", "/produto/446026/cadeira-de-balanco-para-bebes-0-20-kg-macaco-multikids-baby"
"Bebês","1161501", "Fralda HUGGIES Roupinha Supreme Care M - 36 Unidades", "", "/produto/409608/fralda-huggies-roupinha-supreme-care-m---36-unidades"
"Bebês","9901856", "Kit com 2 Fraldas PAMPERS Total Confort Sec Mega Extra Grande com 30 Unidades", "R$ 109,98", "/produto/376656/kit-com-2-fraldas-pampers-total-confort-sec-mega-extra-grande-com-30-unidades"
"Bebês","9901816", "Kit com 3 Fraldas PAMPERS Total Confort Sec Mega P com 50 Unidades Cada", "R$ 164,97", "/produto/375238/kit-com-3-fraldas-pampers-total-confort-sec-mega-p-com-50-unidades-cada"
"Bebês","1352337", "Alimento Light para Cães Adultos DOG CHOW 1kg", "R$ 18,90", "/produto/25416/alimento-light-para-caes-adultos-dog-chow-1kg"
"Bebês","9901820", "Kit de Fraldas Pampers Confort Sec Pants G 168 Unidades + Toalhinhas Umedecidas Fresh Clean 288 Unidades", "", "/produto/375244/kit-de-fraldas-pampers-confort-sec-pants-g-168-unidades-%2B-toalhinhas-umedecidas-fresh-clean-288-unidades"
"Bebês","9900111", "Kit de Fraldas Pampers Premium Care Jumbo XG 120 Unidades + Toalhinhas Umedecidas Fresh Clean 240 Unidades", "", "/produto/351627/kit-de-fraldas-pampers-premium-care-jumbo-xg-120-unidades-%2B-toalhinhas-umedecidas-fresh-clean-240-unidades"
"Bebês","9900117", "Kit de Fraldas Pampers Premium Care Jumbo XXG 112 Unidades + Toalhinhas Umedecidas Fresh Clean 240 Unidades", "", "/produto/351629/kit-de-fraldas-pampers-premium-care-jumbo-xxg-112-unidades-%2B-toalhinhas-umedecidas-fresh-clean-240-unidades"
"Bebês","3319253", "Fralda Pom Pom Protek Proteção de Mãe Jumbo M - 30 Unidades", "R$ 28,79", "/produto/29511/fralda-pom-pom-protek-protecao-de-mae-jumbo-m---30-unidades"
"Bebês","1169721", "Cadeira Para Automóvel Team Tex Nania Kalle Acces - Até 36kg - Preto", "R$ 299,90", "/produto/413342/cadeira-para-automovel-team-tex-nania-kalle-acces---ate-36kg---preto"
"Bebês","1169718", "Cadeira Para Automóvel Nania Beline Luxe - Até 36kg - Preto", "R$ 399,90", "/produto/413338/cadeira-para-automovel-nania-beline-luxe---ate-36kg---preto"
"Bebês","5656585", "Alimento Nutritivo Sabor Chocolate NUTREN Active Prebio 1 Nestlé Lata 400g", "R$ 49,99", "/produto/74385/alimento-nutritivo-sabor-chocolate-nutren-active-prebio-1-nestle-lata-400g"
"Bebês","1203853", "Cadeira De Balanço Para Bebês 0-20 Kg Macaco Multikids Baby", "R$ 349,90", "/produto/446026/cadeira-de-balanco-para-bebes-0-20-kg-macaco-multikids-baby"
"Bebês","1161501", "Fralda HUGGIES Roupinha Supreme Care M - 36 Unidades", "", "/produto/409608/fralda-huggies-roupinha-supreme-care-m---36-unidades"
"Bebês","9901856", "Kit com 2 Fraldas PAMPERS Total Confort Sec Mega Extra Grande com 30 Unidades", "R$ 109,98", "/produto/376656/kit-com-2-fraldas-pampers-total-confort-sec-mega-extra-grande-com-30-unidades"
"Bebês","9901816", "Kit com 3 Fraldas PAMPERS Total Confort Sec Mega P com 50 Unidades Cada", "R$ 164,97", "/produto/375238/kit-com-3-fraldas-pampers-total-confort-sec-mega-p-com-50-unidades-cada"
"Bebês","1352337", "Alimento Light para Cães Adultos DOG CHOW 1kg", "R$ 18,90", "/produto/25416/alimento-light-para-caes-adultos-dog-chow-1kg"
"Bebês","9901820", "Kit de Fraldas Pampers Confort Sec Pants G 168 Unidades + Toalhinhas Umedecidas Fresh Clean 288 Unidades", "", "/produto/375244/kit-de-fraldas-pampers-confort-sec-pants-g-168-unidades-%2B-toalhinhas-umedecidas-fresh-clean-288-unidades"
"Bebês","9900111", "Kit de Fraldas Pampers Premium Care Jumbo XG 120 Unidades + Toalhinhas Umedecidas Fresh Clean 240 Unidades", "", "/produto/351627/kit-de-fraldas-pampers-premium-care-jumbo-xg-120-unidades-%2B-toalhinhas-umedecidas-fresh-clean-240-unidades"
"Bebês","9900117", "Kit de Fraldas Pampers Premium Care Jumbo XXG 112 Unidades + Toalhinhas Umedecidas Fresh Clean 240 Unidades", "", "/produto/351629/kit-de-fraldas-pampers-premium-care-jumbo-xxg-112-unidades-%2B-toalhinhas-umedecidas-fresh-clean-240-unidades"
"Bebês","3319253", "Fralda Pom Pom Protek Proteção de Mãe Jumbo M - 30 Unidades", "R$ 28,79", "/produto/29511/fralda-pom-pom-protek-protecao-de-mae-jumbo-m---30-unidades"
"Bebês","1169721", "Cadeira Para Automóvel Team Tex Nania Kalle Acces - Até 36kg - Preto", "R$ 299,90", "/produto/413342/cadeira-para-automovel-team-tex-nania-kalle-acces---ate-36kg---preto"
"Bebês","1169718", "Cadeira Para Automóvel Nania Beline Luxe - Até 36kg - Preto", "R$ 399,90", "/produto/413338/cadeira-para-automovel-nania-beline-luxe---ate-36kg---preto"
"Bebês","1161501", "Fralda HUGGIES Roupinha Supreme Care M - 36 Unidades", "", "/produto/409608/fralda-huggies-roupinha-supreme-care-m---36-unidades"
"Bebês","1352337", "Alimento Light para Cães Adultos DOG CHOW 1kg", "R$ 18,90", "/produto/25416/alimento-light-para-caes-adultos-dog-chow-1kg"
"Bebês","1024157", "Fórmula Infantil APTAMIL ProExpert Soja 2 800g", "R$ 67,99", "/produto/306566/formula-infantil-aptamil-proexpert-soja-2-800g"
"Bebês","1144269", "Bebê Conforto para Automóvel 13kg Voyage Status Preto", "R$ 259,99", "/produto/400934/bebe-conforto-para-automovel-13kg-voyage-status-preto"
"Bebês","1169715", "Cadeira Vermelha para Auto A 25Kg Nania Trio Accès Rouge", "R$ 249,90", "/produto/413339/cadeira-vermelha-para-auto-a-25kg-nania-trio-acces-rouge"
"Bebês","1124387", "Cadeira para Automóvel Preta 25kg Voyage Status", "R$ 289,00", "/produto/385388/cadeira-para-automovel-preta-25kg-voyage-status"
"Bebês","1177116", "Fralda QUALITÁ P com 28 Unidades", "R$ 18,99", "/produto/418886/fralda-qualita-p-com-28-unidades"
"Bebês","1172781", "Fralda PAMPERS Prematuro Pacote com 27 Tiras", "R$ 39,90", "/produto/421614/fralda-pampers-prematuro-pacote-com-27-tiras"
"Bebês","1195852", "Escova Dental Extra Suave Infantil Barbie Colgate 2 Unidades", "R$ 17,49", "/produto/434302/escova-dental-extra-suave-infantil-barbie-colgate-2-unidades"
